id,name,email
1,Edgar Campbell,e.campbell@randatmail.com
2,Ned Stewart,n.stewart@randatmail.com
3,Ellia Richardson,e.richardson@randatmail.com
4,Richard Williams,r.williams@randatmail.com
5,Kirsten Baker,k.baker@randatmail.com
6,Jessica Rogers,j.rogers@randatmail.com
7,Nicole Sullivan,n.sullivan@randatmail.com
8,Frederick Smith,f.smith@randatmail.com
9,Heather Brown,h.brown@randatmail.com
10,Fiona Russell,f.russell@randatmail.com
11,William Ellis,w.ellis@randatmail.com
12,Haris Sullivan,h.sullivan@randatmail.com
13,Honey Fowler,h.fowler@randatmail.com
14,Ellia Spencer,e.spencer@randatmail.com
15,Audrey Alexander,a.alexander@randatmail.com
16,Caroline Andrews,c.andrews@randatmail.com
17,Jenna Wright,j.wright@randatmail.com
18,Leonardo Ryan,l.ryan@randatmail.com
19,Victoria Parker,v.parker@randatmail.com
20,Spike Holmes,s.holmes@randatmail.com
21,Alan Wilson,a.wilson@randatmail.com
22,Lucas Tucker,l.tucker@randatmail.com
23,Cherry Williams,c.williams@randatmail.com
24,Victoria Richards,v.richards@randatmail.com
25,Carlos Baker,c.baker@randatmail.com
26,Adele Mitchell,a.mitchell@randatmail.com
27,Alexia Anderson,a.anderson@randatmail.com
28,Maximilian Turner,m.turner@randatmail.com
29,Ryan Johnston,r.johnston@randatmail.com
30,Sam Richardson,s.richardson@randatmail.com
31,Jack Spencer,j.spencer@randatmail.com
32,Sabrina Hill,s.hill@randatmail.com
33,James Hill,j.hill@randatmail.com
34,Maddie Kelly,m.kelly@randatmail.com
35,Martin Owens,m.owens@randatmail.com
36,Rebecca Carter,r.carter@randatmail.com
37,Sienna Craig,s.craig@randatmail.com
38,Robert Murphy,r.murphy@randatmail.com
39,Dexter Roberts,d.roberts@randatmail.com
40,Leonardo Turner,l.turner@randatmail.com
41,William Alexander,w.alexander@randatmail.com
42,Patrick Bennett,p.bennett@randatmail.com
43,Vivian Turner,v.turner@randatmail.com
44,Belinda Nelson,b.nelson@randatmail.com
45,Tara Edwards,t.edwards@randatmail.com
46,Ashton Elliott,a.elliott@randatmail.com
47,Harold Davis,h.davis@randatmail.com
48,Frederick Ferguson,f.ferguson@randatmail.com
49,Edgar Alexander,e.alexander@randatmail.com
50,Aiden Gibson,a.gibson@randatmail.com